Task ID,Task Name,Component / Feature Area,Description,Status,Technologies Used,Completion Date
TASK-001,SPA Routing Framework,Core Architecture,"Hash-based client-side SPA routing (#home, #search, #property, #favorites, #login, #signup, #dashboard) without page reloads",Completed,"HTML5, ES6 JS, hashchange listener",02/06/2026
TASK-002,Dark/Light Theme Switcher,Design System,Premium glassmorphic CSS variables theme styling with dynamic theme-toggle buttons,Completed,"CSS3 custom properties, LocalStorage",02/06/2026
TASK-003,Pune Properties Seeding,Database,"Seeded 22+ premium Pune real estate listings with verified price, area, location, and coordinator parameters",Completed,"JSON, ES6 Array structure",02/06/2026
TASK-004,Interactive Vector Map,Interactive Widgets,SVG Island vector map simulator displaying coordinate-synced pins with hover/click popover cards,Completed,"HTML5 SVG, JS DOM, CSS positioning",02/06/2026
TASK-005,EMI & Mortgage Calculator,Interactive Widgets,"Real-time slider-based EMI calculator computing principal, interest, and monthly installments",Completed,"JS Math formulas, input listeners",03/06/2026
TASK-006,Post Property Listing,Feature Modules,Self-listing posting form allowing owners to publish properties directly to browser memory,Completed,"HTML5 Forms, LocalStorage, AppState",03/06/2026
TASK-007,Property Bookmarks,Feature Modules,Saved properties bookmarks synced across session updates,Completed,"LocalStorage, Custom event dispatching",03/06/2026
TASK-008,User Registration Page,Authentication,"Form fields (Name, Email, Phone, Pass, Confirm) with Buyer/Owner/Agent role dropdowns and validation",Completed,"HTML5 Forms, Validation Regex",04/06/2026
TASK-009,User Login Page,Authentication,"Secure password show/hide eye-icon toggle, remember-me checkbox, and login state validations",Completed,"HTML5 Forms, Password Toggles",04/06/2026
TASK-010,Dynamic Navigation Header,Core UI,"Sticky header auth badge showing logged in User Name, Avatar, and profile dropdown menu",Completed,"JS DOM Injection, Dropdown toggles",04/06/2026
TASK-011,Responsive Dashboard Layout,Dashboard,"Sidebar navigation and top header. Dynamically hides owner panels (Listings, Leads) from Buyers",Completed,"CSS Flexbox, Grid, Media Queries",05/06/2026
TASK-012,Dashboard Statistics Cards,Dashboard,"Visual statistics cards: Total Properties, Saved Properties, Total Leads, and Site Visits based on user role",Completed,"JS computation, CSS card layout",05/06/2026
TASK-013,Lead & Visit Tracking Tables,Dashboard,"Leads list and site visit calendar tables showing contact info, addresses, times, and status tags",Completed,"HTML Tables, Status tag classes",05/06/2026
TASK-014,Chat Simulation inbox,Dashboard,"Messages inbox containing search filter, chat list, message bubbles, and automated 1.5s reply simulation",Completed,"JS Timeout, LocalStorage logs",05/06/2026
TASK-015,Git & Remote Push,Deployment,"Local repository initialization, branch management (main), and force push override to GitHub remote",Completed,Git CLI command-line tool,05/06/2026
TASK-016,Modular Dashboard Refactoring,Dashboard,"Refactored the dashboard layout to show only one active panel at a time, split visits request tables into upcoming and completed, modularized JS rendering methods, and polished chat inbox and user settings",Completed,"ES6 JS, CSS Visibility, DOM Manipulation",05/06/2026
TASK-017,URL Dashboard Routing,Dashboard,"Implemented URL-based dashboard routing with role validation, tab mapping, and automatic tab persistence on page refresh",Completed,"HTML5 History API, URLSearchParams, LocalStorage",08/06/2026
